Transaction Date,Posted Date,Card No.,Description,Category,Debit,Credit
2016-12-31,2017-01-02,2002,TARGET        00017970,Merchandise,29.34,
2016-12-31,2017-01-02,7123,HEB  #373,Merchandise,13.38,
2016-12-31,2017-01-02,2002,HEB  #373,Merchandise,106.54,
2016-12-30,2016-12-31,2002,IKEA ROUND ROCK,Merchandise,177.26,
2016-12-29,2016-12-30,7123,AUSTIN AQUARIUM LLC,Entertainment,20.46,
2016-12-29,2016-12-30,2002,WB41,Merchandise,18.39,
2016-12-25,2016-12-26,7123,PROGRESSIVE *INSURANCE,Insurance,854,
2016-12-24,2016-12-26,7123,THE HOME DEPOT #0509,Merchandise,77.98,
2016-12-24,2016-12-26,7123,HEB  #373,Merchandise,151.31,
2016-12-23,2016-12-24,7123,CENTRAL MARKET #61,Merchandise,31.48,
2016-12-23,2016-12-24,2002,DONUT TACO PALACE OF R,Dining,11.27,
2016-12-23,2016-12-23,2002,DISCOUNT POWER,Utilities,60.85,
2016-12-22,2016-12-23,2002,BRUSHY CREEK MUNICIPAL,Utilities,68.73,
2016-12-22,2016-12-23,2002,HEB  #373,Merchandise,163,
2016-12-21,2016-12-23,7123,SHELL OIL 57545449001,Gas/Automotive,40.7,
2016-12-21,2016-12-22,2002,AT&T*BILL PAYMENT,Phone/Cable,69.68,
2016-12-20,2016-12-21,2002,NETFLIX.COM,Phone/Cable,26.54,
2016-12-20,2016-12-21,2002,FSI*ATMOS ENERGY,Utilities,68.19,
2016-12-19,2016-12-20,2002,ATT*BILL PAYMENT,Phone/Cable,139.29,
2016-12-19,2016-12-20,2002,TXTAG 888 468 9824,Gas/Automotive,20,
2016-12-18,2016-12-20,2002,BED BATH & BEYOND #571,Merchandise,60.6,
2016-12-18,2016-12-20,2002,BED BATH & BEYOND #571,Merchandise,,27.7
2016-12-18,2016-12-19,2002,TJMAXX #0566,Merchandise,8.65,
2016-12-15,2016-12-16,2002,HEB  #373,Merchandise,147.16,
2016-12-15,2016-12-15,2002,COSTCO *PHOTO CENTER,Other Services,4.26,
2016-12-14,2016-12-16,2002,STARBUCKS STORE 22301,Dining,20,
2016-12-14,2016-12-15,7123,WWW.NEWEGG.COM,Merchandise,18.98,
2016-12-13,2016-12-15,2002,POST OFFICE AT RIGHTSP,Other Travel,28.2,
2016-12-13,2016-12-14,2002,PAPA MURPHY'S TX082,Dining,5,
2016-12-13,2016-12-14,2002,ZAZZLE USD,Merchandise,31.55,
2016-12-13,2016-12-14,2002,PAPA MURPHY'S TX082,Dining,10,
2016-12-12,2016-12-13,2002,ANDERSONS COFFEE C,Dining,11.95,
2016-12-12,2016-12-13,7123,HOOVERS COOKING,Dining,44.99,
2016-12-12,2016-12-13,2002,COSTCO.COM  *ONLINE,Merchandise,82.86,
2016-12-12,2016-12-12,2002,CAPITAL ONE ONLINE PYMT,Payment/Credit,,3460.38
2016-12-11,2016-12-13,7123,THE HOME DEPOT #0509,Merchandise,,3.75
2016-12-11,2016-12-13,7123,THE HOME DEPOT #0509,Merchandise,120.04,
2016-12-11,2016-12-13,2002,BICYCLE SPORT SOP,Merchandise,276.02,
2016-12-11,2016-12-12,7123,DONUT TACO PALACE OF R,Dining,12.5,
2016-12-11,2016-12-12,2002,Amazon.com,Merchandise,102.41,
2016-12-10,2016-12-12,2002,BED BATH & BEYOND #651,Merchandise,70.99,
2016-12-10,2016-12-12,7123,THE HOME DEPOT #0509,Merchandise,427.98,
2016-12-09,2016-12-12,7123,7-ELEVEN 36977,Gas/Automotive,39.88,
2016-12-08,2016-12-09,7123,TWIN LION CHINESE REST,Dining,20,
2016-12-08,2016-12-09,2002,HEB  #373,Merchandise,103.18,
2016-12-08,2016-12-09,2002,ZULILY,Merchandise,24.99,
2016-12-08,2016-12-09,2002,7-ELEVEN 36977,Gas/Automotive,28.79,
2016-12-07,2016-12-08,7123,BEST BUY MHT  00011536,Merchandise,64.94,
2016-12-07,2016-12-08,2002,BIG LOTS STORES - #185,Merchandise,6.25,
2016-12-07,2016-12-07,2002,AMAZON MKTPLACE PMTS,Merchandise,89.86,
2016-12-07,2016-12-07,7123,JAMESAVERY.COM,Merchandise,60.08,
2016-12-06,2016-12-07,2002,TIEKS BY GAVRIELI,Merchandise,,175
2016-12-06,2016-12-07,2002,PAPA MURPHY'S TX082,Dining,10,
2016-12-06,2016-12-07,2002,TIEKS BY GAVRIELI,Merchandise,,175
2016-12-05,2016-12-07,7123,STARBUCKS STORE 22301,Dining,10,
2016-12-03,2016-12-05,2002,OLD NAVY ON-LINE,Merchandise,,51
2016-12-03,2016-12-05,2002,ULTA #1089,Merchandise,41.14,
2016-12-03,2016-12-05,2002,TARGET        00017970,Merchandise,36.01,
2016-12-03,2016-12-05,2002,OLD NAVY US 5898,Merchandise,9.17,
2016-12-02,2016-12-03,7123,ROOSTERS MENS GROOMING,Other Services,35,
2016-12-01,2016-12-02,7123,AUTOZONE #3539,Gas/Automotive,53.11,
2016-11-30,2016-12-02,7123,7-ELEVEN 36977,Gas/Automotive,35.01,
2016-11-30,2016-12-02,2002,CATCH AIR - ROUND ROCK,Entertainment,3.79,
2016-11-30,2016-12-01,2002,SONIC DRIVE IN#3313,Dining,6.26,
2016-11-30,2016-12-01,7123,HEB  #425,Merchandise,63.94,
2016-11-30,2016-12-01,2002,AMAZON SERVICES-KINDLE,Merchandise,10.61,
2016-11-29,2016-11-30,2002,HEB  #659,Merchandise,184.74,
2016-11-29,2016-11-30,2002,MICHAELS STORES 5038,Merchandise,7.56,
2016-11-28,2016-11-30,2002,OLD NAVY ON-LINE,Merchandise,77.5,
2016-11-28,2016-11-30,2002,DABBS PIX,Other Services,18,
2016-11-28,2016-11-29,2002,ZAP*ZAPPOS.COM,Merchandise,,51.28
2016-11-28,2016-11-29,2002,ZAP*ZAPPOS.COM,Merchandise,,610.37
2016-11-27,2016-11-28,2002,DONUT TACO PALACE OF R,Dining,12.18,
2016-11-27,2016-11-28,2002,AMAZON MKTPLACE PMTS,Merchandise,12.99,
2016-11-26,2016-11-28,2002,GROUPON INC,Other Services,,34.99
2016-11-26,2016-11-28,7123,LAMBS TIRE 13  BRU,Gas/Automotive,99.76,
2016-11-26,2016-11-28,7123,7-ELEVEN 36977,Gas/Automotive,2.49,
2016-11-26,2016-11-28,2002,GROUPON INC,Other Services,,34.99
2016-11-26,2016-11-28,2002,GROUPON INC,Other Services,24.99,
2016-11-26,2016-11-28,2002,GROUPON INC,Other Services,34.99,
2016-11-26,2016-11-28,2002,"JANE, LLC",Merchandise,31.98,
2016-11-25,2016-11-28,2002,OLD NAVY ON-LINE,Merchandise,9.01,
2016-11-25,2016-11-26,2002,GROUPON INC,Other Services,34.99,
2016-11-25,2016-11-26,2002,AMAZON MKTPLACE PMTS,Merchandise,58.85,
2016-11-23,2016-11-25,7123,FRY'S ELECTRONICS #22,Merchandise,5.4,
2016-11-23,2016-11-25,2002,"JANE, LLC",Merchandise,11.98,
2016-11-22,2016-11-22,2002,DISCOUNT POWER,Utilities,88.04,
2016-11-21,2016-11-22,2002,"JANE, LLC",Merchandise,20.98,
2016-11-20,2016-11-21,2002,NETFLIX.COM,Phone/Cable,26.54,
2016-11-20,2016-11-21,2002,AT&T*BILL PAYMENT,Phone/Cable,69.68,
2016-11-20,2016-11-21,2002,HEB  #373,Merchandise,159.33,
2016-11-20,2016-11-21,2002,FSI*ATMOS ENERGY,Utilities,31.61,
2016-11-19,2016-11-21,2002,ATT*BILL PAYMENT,Phone/Cable,139.29,
2016-11-18,2016-11-19,7123,CENTRAL MARKET #61,Merchandise,60.42,
2016-11-18,2016-11-19,2002,BRUSHY CREEK MUNICIPAL,Utilities,100.39,
2016-11-17,2016-11-19,7123,7-ELEVEN 36977,Gas/Automotive,37.17,
2016-11-16,2016-11-17,7123,CAPITAL OTOLARYNGOLOGY,Health Care,85.39,
2016-11-15,2016-11-16,2002,AMAZON MKTPLACE PMTS,Merchandise,19.93,
2016-11-15,2016-11-15,2002,ZAP*ZAPPOS.COM,Merchandise,742.62,
2016-11-14,2016-11-15,2002,ZULILY,Merchandise,20.94,
2016-11-14,2016-11-14,2002,SXM*SIRIUSXM.COM/ACCT,Phone/Cable,12.43,
2016-11-13,2016-11-14,2002,AMAZON MKTPLACE PMTS,Merchandise,86.05,
2016-11-12,2016-11-14,2002,HEB  #373,Merchandise,164.07,
2016-11-12,2016-11-14,2002,HEB  #373,Merchandise,1.88,
2016-11-11,2016-11-12,2002,AMAZON MKTPLACE PMTS,Merchandise,14,
2016-11-11,2016-11-12,2002,"JANE, LLC",Merchandise,22.98,
2016-11-11,2016-11-12,2002,APL* ITUNES.COM/BILL,Merchandise,4.24,
2016-11-10,2016-11-12,2002,DISNEY STORE #930,Merchandise,42.15,
2016-11-10,2016-11-11,2002,TARGET        00017970,Merchandise,15.14,
2016-11-10,2016-11-11,2002,TARGET        00017970,Merchandise,16.21,
2016-11-10,2016-11-10,2002,Etsy.com - GigglesAndW,Merchandise,12.98,
2016-11-09,2016-11-11,7123,7-ELEVEN 36977,Gas/Automotive,25.18,
2016-11-08,2016-11-09,2002,TIEKS BY GAVRIELI,Merchandise,175,
2016-11-07,2016-11-08,2002,COSTCO.COM  *ONLINE,Merchandise,41.43,
2016-11-07,2016-11-08,7123,HEB  #373,Merchandise,7.34,
2016-11-06,2016-11-07,2002,HUNAN RANCH CORPORATIO,Dining,37.48,
2016-11-06,2016-11-07,2002,CAPITAL ONE ONLINE PYMT,Payment/Credit,,2185.38
2016-11-05,2016-11-07,2002,ALAMO LAKELINE RETAIL,Entertainment,21.32,
2016-11-05,2016-11-07,7123,ALAMO LAKELINE REST,Dining,46.52,
2016-11-05,2016-11-07,7123,HEB GAS/CARWASH #373,Gas/Automotive,36.84,
2016-11-05,2016-11-07,7123,HEB  #373,Merchandise,27.24,
2016-11-04,2016-11-05,2002,WILLIAMSON VEHREG,Other Services,75.5,
2016-11-04,2016-11-05,2002,"JANE, LLC",Merchandise,12.98,
2016-11-04,2016-11-05,2002,T.A.C. #397 TUFFY AUTO,Gas/Automotive,18.5,
2016-11-04,2016-11-05,2002,TX.GOV SERVICEFEE,Other Services,2,
2016-11-03,2016-11-05,2002,KID TO KID - AUSTIN,Merchandise,4.87,
2016-11-03,2016-11-04,2002,ACADEMY SPORTS #27,Merchandise,37.88,
2016-11-02,2016-11-04,2002,PAYPAL *GAMOSHER,Professional Services,25.98,
2016-11-02,2016-11-03,7123,HEB  #373,Merchandise,5.18,
2016-11-01,2016-11-03,2002,JAMBA JUICE @ UNIVEQ30,Dining,5.62,
2016-11-01,2016-11-02,2002,ATT*BILL PAYMENT,Phone/Cable,139.29,
2016-11-01,2016-11-02,7123,HEB  #425,Merchandise,59.37,
2016-11-01,2016-11-02,7123,PAPA MURPHY'S TX082,Dining,17.17,
2016-11-01,2016-11-02,2002,TLF HEART AND HOME FLO,Merchandise,2.28,
2016-10-31,2016-11-01,2002,HEB  #373,Merchandise,156.95,
2016-10-29,2016-10-31,7123,SHELL OIL 415442200QPS,Gas/Automotive,26.36,
2016-10-29,2016-10-31,7123,SQU*SQ *CAMERON PARK Z,Other Services,19.47,
2016-10-29,2016-10-31,2002,CAMERON PARK ZOO,Other Services,20,
2016-10-29,2016-10-31,2002,WACO ZOO TREETOP CAFE,Utilities,22.5,
2016-10-28,2016-10-29,7123,FRY'S ELECTRONICS #22,Merchandise,54.49,
2016-10-27,2016-10-31,7123,JAMECO/JIMPAK ELECTRON,Merchandise,18.21,
2016-10-27,2016-10-28,2002,TIEKS BY GAVRIELI,Merchandise,175,
2016-10-26,2016-10-28,2002,ORANGE LEAF FROZEN YOG,Dining,5.34,
2016-10-25,2016-10-27,7123,7-ELEVEN 36977,Gas/Automotive,33.23,
2016-10-25,2016-10-26,2002,ESCAPEROOMLEANDER.COM,Merchandise,75.78,
2016-10-25,2016-10-26,2002,DOLLAR TREE,Merchandise,16.24,
2016-10-23,2016-10-24,2002,FSI*ATMOS ENERGY,Utilities,32.3,
2016-10-23,2016-10-24,7123,ST RICHARDS PUMPKIN PA,Other Services,24,
2016-10-23,2016-10-24,2002,HEB  #373,Merchandise,201.04,
2016-10-22,2016-10-24,2002,DISCOUNT POWER,Utilities,135.17,
2016-10-22,2016-10-24,7123,MESA ROSA I 620,Dining,38.36,
2016-10-21,2016-10-22,2002,AT&T*BILL PAYMENT,Phone/Cable,69.68,
2016-10-20,2016-10-22,2002,HAIR BY ETHAN SHAW,Other Services,99.65,
2016-10-20,2016-10-21,2002,HEB  #373,Merchandise,19.68,
2016-10-20,2016-10-21,2002,BRUSHY CREEK MUNICIPAL,Utilities,70.54,
2016-10-20,2016-10-21,2002,NETFLIX.COM,Phone/Cable,26.54,
2016-10-19,2016-10-20,2002,KIDDIE ACRES,Entertainment,21.22,
2016-10-19,2016-10-20,2002,TXTAG 888 468 9824,Gas/Automotive,20,
2016-10-19,2016-10-20,2002,APL* ITUNES.COM/BILL,Merchandise,3.18,
2016-10-17,2016-10-18,7123,HEB GAS/CARWASH #373,Gas/Automotive,36.01,
2016-10-17,2016-10-18,2002,AUSTIN AQUARIUM LLC,Entertainment,6.84,
2016-10-17,2016-10-18,2002,IN-N-OUT BURGER #294,Dining,11.58,
2016-10-17,2016-10-18,2002,IMS*NIMBLECOMMERCE,Other Services,7.5,
2016-10-16,2016-10-17,2002,EXXONMOBIL    48041420,Gas/Automotive,26.44,
2016-10-16,2016-10-17,2002,SPA PRO NAILS PLUS,Other Services,45,
2016-10-16,2016-10-17,2002,HIGH COUNTRY MARKE,Dining,13.81,
2016-10-15,2016-10-17,7123,SCARLET RABBIT,Dining,79.03,
2016-10-13,2016-10-14,2002,HEB  #373,Merchandise,104.15,
2016-10-11,2016-10-13,2002,WESTERN BEVERAGE - 43,Merchandise,19.47,
2016-10-11,2016-10-12,2002,COSTCO.COM  *ONLINE,Merchandise,64.79,
2016-10-11,2016-10-12,2002,WAL-MART #4163,Merchandise,18.86,
2016-10-11,2016-10-12,2002,MCDONALD'S F33092,Dining,6.69,
2016-10-10,2016-10-12,2002,CHICK-FIL-A #00527,Dining,3.56,
2016-10-10,2016-10-12,2002,PHILS ICE HOUSE 3,Dining,15.48,
2016-10-10,2016-10-11,2002,JCPENNEY.COM,Merchandise,33.52,
2016-10-10,2016-10-11,2002,DILLARD'S 735 LAKELINE,Merchandise,19.49,
2016-10-10,2016-10-11,2002,MACY'S EAST #706,Merchandise,41.14,
2016-10-09,2016-10-10,7123,GATTI LAND,Dining,20.96,
2016-10-09,2016-10-10,7123,GATTI LAND,Dining,5,
2016-10-08,2016-10-10,7123,HEB GAS/CARWASH #373,Gas/Automotive,37.63,
2016-10-08,2016-10-10,7123,LOWES #00590*,Merchandise,113.77,
2016-10-08,2016-10-10,7123,HEB  #373,Merchandise,30.57,
2016-10-08,2016-10-08,2002,CAPITAL ONE ONLINE PYMT,Payment/Credit,,2104.47
2016-10-06,2016-10-07,2002,TARGET        00017970,Merchandise,10.07,
2016-10-06,2016-10-07,2002,HEB  #373,Merchandise,103.7,
2016-10-06,2016-10-07,2002,TARGET        00017970,Merchandise,54.9,
2016-10-05,2016-10-06,2002,"JANE, LLC",Merchandise,34.99,
2016-10-04,2016-10-06,2002,7-ELEVEN 36977,Gas/Automotive,25,
2016-10-04,2016-10-05,7123,PAPA MURPHY'S TX082,Dining,17.41,
2016-10-03,2016-10-04,2002,ATT*BILL PAYMENT,Phone/Cable,139.29,
2016-10-02,2016-10-04,7123,DAIRY QUEEN #43712 QPS,Dining,7.42,
2016-10-02,2016-10-03,2002,ETSY.COM,Merchandise,8.25,
2016-10-02,2016-10-03,2002,"JANE, LLC",Merchandise,17.96,
2016-10-01,2016-10-03,7123,ROOSTERS MENS GROOMING,Other Services,33,
2016-10-01,2016-10-03,7123,SQ *LEIGH MARIE DESIGN,Merchandise,54.12,
2016-09-30,2016-10-03,2002,NORTH AUSTIN URBAN AIR,Entertainment,7.58,
2016-09-30,2016-10-03,7123,MESA ROSA I 620,Dining,53.49,
2016-09-30,2016-10-01,2002,ZULILY,Merchandise,16.99,
2016-09-30,2016-10-01,2002,ZULILY,Merchandise,10.94,
2016-09-29,2016-09-30,2002,JO-ANN STORE #2140,Merchandise,12.31,
2016-09-28,2016-09-29,7123,FRY'S ELECTRONICS #22,Merchandise,,8.65
2016-09-27,2016-09-29,7123,7-ELEVEN 36977,Gas/Automotive,35.02,
2016-09-27,2016-09-28,2002,HEB  #373,Merchandise,6.95,
2016-09-25,2016-09-26,2002,SP * LEOTARD BOUTIQUE,Merchandise,21.99,
2016-09-23,2016-09-24,2002,DAIRY QUEEN #43712 QPS,Dining,6.67,
2016-09-23,2016-09-23,2002,DISCOUNT POWER,Utilities,134.52,
2016-09-22,2016-09-24,2002,HOBBY-LOBBY #0169,Merchandise,69.44,
2016-09-22,2016-09-23,2002,TOYS R US #7047    QPS,Merchandise,,5.68
2016-09-22,2016-09-23,2002,TOYS R US #7047    QPS,Merchandise,43.28,
2016-09-22,2016-09-23,2002,JASON'S DELI LKL #,Dining,10.8,
2016-09-22,2016-09-23,2002,TARGET        00017970,Merchandise,1.85,
2016-09-22,2016-09-22,2002,AMAZON MKTPLACE PMTS,Merchandise,60.73,
2016-09-21,2016-09-23,2002,MCDONALD'S F19272,Dining,10.35,
2016-09-21,2016-09-22,2002,AT&T*BILL PAYMENT,Phone/Cable,69.73,
2016-09-21,2016-09-22,2002,BABYEARTH.COM,Merchandise,,16.18
2016-09-20,2016-09-21,2002,NETFLIX.COM,Phone/Cable,26.54,
2016-09-20,2016-09-21,2002,HEB  #659,Merchandise,232.21,
2016-09-20,2016-09-21,2002,FSI*ATMOS ENERGY,Utilities,33.85,
2016-09-19,2016-09-20,2002,AMAZON MKTPLACE PMTS,Merchandise,14.66,
2016-09-18,2016-09-19,2002,BRUSHY CREEK MUNICIPAL,Utilities,92.65,
2016-09-18,2016-09-19,2002,ETSY.COM,Merchandise,45,
2016-09-18,2016-09-19,2002,"JANE, LLC",Merchandise,9.98,
2016-09-17,2016-09-19,2002,TXTAG 888 468 9824,Gas/Automotive,20,
2016-09-17,2016-09-19,7123,AUSTINS PIZZA - 16 - E,Dining,38.35,
2016-09-17,2016-09-19,7123,HEB GAS/CARWASH #373,Gas/Automotive,37.17,
2016-09-17,2016-09-19,7123,HEB  #373,Merchandise,21.02,
2016-09-17,2016-09-19,2002,AMAZON MKTPLACE PMTS,Merchandise,6.72,
2016-09-16,2016-09-19,7123,TRUDY'S NORTH STAR,Dining,39.48,
2016-09-16,2016-09-17,7123,FRY'S ELECTRONICS #22,Merchandise,17.3,
2016-09-16,2016-09-17,2002,AMAZON MKTPLACE PMTS,Merchandise,10.99,
2016-09-16,2016-09-16,2002,STARCOFFEE,Dining,3.3,
2016-09-16,2016-09-16,2002,AMAZON MKTPLACE PMTS,Merchandise,1.3,
2016-09-15,2016-09-16,2002,"Thirty-One Gifts, LLC",Merchandise,82.28,
2016-09-15,2016-09-16,7123,FRY'S ELECTRONICS #22,Merchandise,8.65,
2016-09-15,2016-09-16,2002,AMAZON MKTPLACE PMTS,Merchandise,4.96,
2016-09-12,2016-09-13,2002,HEB GAS/CARWASH #373,Gas/Automotive,23.37,
2016-09-12,2016-09-13,2002,HEB  #373,Merchandise,133.17,
2016-09-12,2016-09-12,2002,CAPITAL ONE ONLINE PYMT,Payment/Credit,,1836.41
2016-09-11,2016-09-13,2002,OLD NAVY ON-LINE,Merchandise,,28.9
2016-09-11,2016-09-12,2002,OLD NAVY US 5898,Merchandise,49.56,
2016-09-10,2016-09-12,2002,APL* ITUNES.COM/BILL,Merchandise,5.3,
2016-09-07,2016-09-09,7123,7-ELEVEN 36977,Gas/Automotive,39.01,
2016-09-04,2016-09-06,2002,OLD NAVY ON-LINE,Merchandise,27,
2016-09-04,2016-09-05,2002,HEB  #373,Merchandise,194.82,
2016-09-02,2016-09-03,2002,TXTAG 888 468 9824,Gas/Automotive,20,
2016-09-02,2016-09-03,2002,PAPA MURPHY'S TX082,Dining,11.5,
2016-09-01,2016-09-03,2002,7-ELEVEN 36977,Gas/Automotive,24.99,
2016-09-01,2016-09-03,7123,YOGURT PLANET,Merchandise,6.7,
2016-09-01,2016-09-02,2002,TOYS R US #7047    QPS,Merchandise,12.98,
2016-09-01,2016-09-02,7123,THAI KITCHEN,Dining,22.3,
2016-09-01,2016-09-02,2002,ATT*BILL PAYMENT,Phone/Cable,139.29,
2016-08-31,2016-09-02,2002,ORANGE LEAF FROZEN YOG,Dining,4.96,
2016-08-30,2016-08-31,2002,TOYS R US #7047    QPS,Merchandise,27.02,
2016-08-30,2016-08-31,7123,ACADEMY SPORTS #27,Merchandise,19.43,
2016-08-30,2016-08-31,7123,HEB  #373,Merchandise,12.97,
2016-08-30,2016-08-31,7123,FRY'S ELECTRONICS #22,Merchandise,16.19,
2016-08-30,2016-08-31,7123,HAT CREEK BURGER C,Dining,19.94,
2016-08-28,2016-08-29,2002,Amazon Services-Kindle,Entertainment,13.8,
2016-08-28,2016-08-29,2002,BABYEARTH.COM,Merchandise,31.28,
2016-08-27,2016-08-29,2002,HEB  #373,Merchandise,87.53,
2016-08-27,2016-08-29,7123,SHELL OIL 57545449704,Gas/Automotive,27.26,
2016-08-26,2016-08-27,7123,HEB  #373,Merchandise,10.66,
2016-08-25,2016-08-26,7123,LA MADELEINE MUELLER #,Dining,10.81,
2016-08-25,2016-08-26,2002,MCDONALD'S F33092,Dining,9.61,
2016-08-24,2016-08-25,2002,CATCH AIR 183,Entertainment,7.58,
2016-08-23,2016-08-23,2002,DISCOUNT POWER,Utilities,161.87,
2016-08-21,2016-08-22,2002,FSI*ATMOS ENERGY,Utilities,28.43,
2016-08-21,2016-08-22,7123,HEB  #373,Merchandise,8.99,
2016-08-21,2016-08-22,7123,DAIRY QUEEN #43712 QPS,Dining,18.65,
2016-08-20,2016-08-22,7123,CENTRAL MARKET #61,Merchandise,85.19,
2016-08-20,2016-08-22,7123,CHEVRON 0200867,Gas/Automotive,41.62,
2016-08-20,2016-08-22,2002,AT&T*BILL PAYMENT,Phone/Cable,69.73,
2016-08-20,2016-08-22,2002,NETFLIX.COM,Phone/Cable,26.54,
2016-08-18,2016-08-19,2002,BRUSHY CREEK MUNICIPAL,Utilities,106.47,
2016-08-18,2016-08-19,2002,HEB  #373,Merchandise,144.19,
2016-08-17,2016-08-19,2002,OLD NAVY ON-LINE,Merchandise,56.44,
2016-08-17,2016-08-19,2002,ULTA #1089,Merchandise,50.88,
2016-08-17,2016-08-18,2002,TARGET        00017970,Merchandise,51.94,
2016-08-17,2016-08-18,2002,TARGET        00017970,Merchandise,25.65,
2016-08-17,2016-08-18,2002,AMAZON MKTPLACE PMTS,Merchandise,43.76,
2016-08-17,2016-08-18,2002,SHIPLEY PARMER AUSTIN,Dining,7.05,
2016-08-17,2016-08-18,2002,AMAZON MKTPLACE PMTS,Merchandise,6.99,
2016-08-15,2016-08-15,2002,CAPITAL ONE ONLINE PYMT,Payment/Credit,,3942.04
2016-08-13,2016-08-15,7123,ROOSTERS MENS GROOMING,Other Services,34,
2016-08-13,2016-08-15,7123,HEB  #373,Merchandise,21.22,
2016-08-12,2016-08-15,2002,WESTERN BEVERAGE - 41,Merchandise,21.62,
2016-08-12,2016-08-13,7123,DAIRY QUEEN #43712 QPS,Dining,7.42,
2016-08-11,2016-08-13,2002,GAP ONLINE,Merchandise,16.79,
2016-08-11,2016-08-13,7123,SHELL OIL 57545449704,Gas/Automotive,41.68,
2016-08-10,2016-08-12,2002,GAP OUTLET.COM 2679,Merchandise,70.73,
2016-08-10,2016-08-11,2002,COSTCO.COM  *ONLINE,Merchandise,11.15,
2016-08-10,2016-08-11,2002,COSTCO.COM  *ONLINE,Merchandise,41.43,
2016-08-10,2016-08-11,2002,COSTCO.COM  *ONLINE,Merchandise,14.86,
2016-08-09,2016-08-10,7123,PAPA MURPHY'S TX082,Dining,17.41,
2016-08-07,2016-08-08,2002,LITTLE LAND PEDIATRIC,Other Services,10.82,
2016-08-06,2016-08-08,7123,SHELL OIL 57543269104,Gas/Automotive,24.99,
2016-08-05,2016-08-06,7123,HEB  #373,Merchandise,5.9,
2016-08-05,2016-08-06,2002,"JANE, LLC",Merchandise,22.96,
2016-08-04,2016-08-06,7123,MEETUP.COM,Internet,59.94,
2016-08-04,2016-08-05,2002,MCDONALD'S F33092,Dining,6.47,
2016-08-03,2016-08-05,2002,PLANGRID,Internet,,188.91
2016-08-03,2016-08-04,2002,HEB  #659,Merchandise,77.37,
2016-08-01,2016-08-02,2002,ATT*BILL PAYMENT,Phone/Cable,139.29,
2016-07-31,2016-08-02,7123,SHELL OIL 57545449704,Gas/Automotive,34.84,
2016-07-31,2016-08-01,7123,THE BRASS TAP,Dining,14.99,
2016-07-29,2016-07-30,7123,LAMBS TIRE 13  BRU,Gas/Automotive,41.59,
2016-07-29,2016-07-30,7123,HEB  #373,Merchandise,75.55,
2016-07-28,2016-07-30,7123,MOONIE`S BURGER HOUSE,Dining,34.17,
2016-07-28,2016-07-29,7123,CATCH AIR 183,Entertainment,7.58,
2016-07-27,2016-07-28,2002,TARGET        00023424,Merchandise,42.94,
2016-07-27,2016-07-28,2002,TST* PIEOLOGY - CEDAR,Dining,19.11,
2016-07-26,2016-07-27,7123,DONUT TACO PALACE OF R,Dining,9.32,
2016-07-26,2016-07-27,7123,HEB  #373,Merchandise,10.34,
2016-07-25,2016-07-26,2002,INMOTIONHOSTING.COM,Internet,146.87,
2016-07-23,2016-07-25,2002,HEB  #373,Merchandise,82.97,
2016-07-23,2016-07-23,2002,ABCMOUSE.COM*,Other,7.95,
2016-07-23,2016-07-23,2002,TARGET.COM  *,Merchandise,21.64,
2016-07-23,2016-07-23,2002,DISCOUNT POWER,Utilities,173.86,
2016-07-22,2016-07-23,2002,TARGET        00017970,Merchandise,49.77,
2016-07-21,2016-07-22,2002,BRUSHY CREEK MUNICIPAL,Utilities,73.31,
2016-07-20,2016-07-22,7123,ST D GEORGETOW23012479,Dining,4.09,
2016-07-20,2016-07-21,2002,AT&T*BILL PAYMENT,Phone/Cable,69.73,
2016-07-20,2016-07-21,2002,FSI*ATMOS ENERGY,Utilities,32.9,
2016-07-20,2016-07-20,2002,NETFLIX.COM,Phone/Cable,26.54,
2016-07-19,2016-07-20,7123,SOUPER SALAD OF GE,Dining,16.87,
2016-07-19,2016-07-20,2002,JIMMY JOHNS - 1848,Dining,25.9,
2016-07-18,2016-07-20,7123,PLAKA GREEK CAFE,Dining,26.3,
2016-07-18,2016-07-18,2002,CAPITAL ONE ONLINE PYMT,Payment/Credit,,3532.53
2016-07-17,2016-07-18,7123,HEB  #373,Merchandise,40.08,
2016-07-17,2016-07-18,2002,AMAZON MKTPLACE PMTS,Merchandise,69.31,
2016-07-16,2016-07-18,7123,SHIPLEY WILLIAMS GEORG,Dining,10.45,
2016-07-16,2016-07-18,2002,"JANE, LLC",Merchandise,29.64,
2016-07-14,2016-07-15,2002,PLANGRID,Internet,199.99,
2016-07-13,2016-07-15,2002,MCDONALD'S F19272,Dining,10.47,
2016-07-13,2016-07-14,2002,BABYEARTH.COM,Merchandise,46.44,
2016-07-12,2016-07-13,2002,HEB  #373,Merchandise,147.29,
2016-07-12,2016-07-13,7123,SQ *TEJI'S,Dining,40.14,
2016-07-12,2016-07-13,2002,AMAZON MKTPLACE PMTS,Merchandise,,5.23
2016-07-11,2016-07-13,7123,7-ELEVEN 36977,Gas/Automotive,31.9,
2016-07-09,2016-07-11,2002,JASON'S DELI LKL #,Dining,10.8,
2016-07-09,2016-07-11,7123,HEB  #373,Merchandise,52.39,
2016-07-09,2016-07-11,2002,KID TO KID - AUSTIN,Merchandise,8.05,
2016-07-09,2016-07-11,2002,ONCE UPON A CHLD#20729,Merchandise,1.65,
2016-07-09,2016-07-11,2002,TXTAG 888 468 9824,Gas/Automotive,20,
2016-07-09,2016-07-11,2002,7-ELEVEN 36977,Gas/Automotive,27.43,
2016-07-08,2016-07-11,7123,PHILS ICE HOUSE,Dining,28.79,
2016-07-08,2016-07-09,2002,SQ *AMY'S ICE CREAM,Dining,8.01,
2016-07-08,2016-07-09,2002,BRASS TAP - ROUND ROCK,Dining,11.1,
2016-07-07,2016-07-08,2002,COSTCO.COM  *ONLINE,Merchandise,26.55,
2016-07-06,2016-07-07,2002,KALEIDOSCOPE TOYS,Merchandise,3,
2016-07-06,2016-07-07,7123,DONUT TACO PALACE OQPS,Dining,8.57,
2016-07-06,2016-07-07,2002,PAPA MURPHY'S TX082,Dining,17.41,
2016-07-05,2016-07-07,7123,SHELL OIL 57545449704,Gas/Automotive,39.11,
2016-07-04,2016-07-05,2002,HEB  #373,Merchandise,72.89,
2016-07-03,2016-07-04,2002,JOE NAILS,Other Services,28,
2016-07-03,2016-07-04,2002,CARTER'S #348,Merchandise,26.45,
2016-07-03,2016-07-04,2002,IKEA ROUND ROCK,Merchandise,124.37,
2016-07-02,2016-07-04,2002,ATT*BILL PAYMENT,Phone/Cable,139.29,
2016-07-01,2016-07-04,7123,SHELL OIL 57545847402,Gas/Automotive,24.79,
2016-07-01,2016-07-02,2002,DAIRY QUEEN #43712 QPS,Dining,7.84,
2016-06-30,2016-07-02,7123,DOS SALSAS,Dining,29.1,
2016-06-30,2016-07-01,2002,TOYS R US #7047    QPS,Merchandise,22.71,
2016-06-29,2016-06-30,2002,HEB  #580,Merchandise,61.93,
2016-06-29,2016-06-30,2002,SHIPLEY PARMER AUSTIN,Dining,7.95,
2016-06-27,2016-06-29,2002,AMERIPRISE INS HOME ID,Insurance,1748.93,
2016-06-27,2016-06-28,7123,CHUY'S,Dining,35.28,
2016-06-26,2016-06-28,2002,ULTA #75,Merchandise,41.14,
2016-06-26,2016-06-28,2002,COST PLUS WLD #74,Merchandise,3.78,
2016-06-26,2016-06-27,2002,WHOLEFDS GWY 10036,Merchandise,13.97,
2016-06-25,2016-06-27,7123,ROOSTERS MENS GROOMING,Other Services,33,
2016-06-25,2016-06-27,2002,AMAZON MKTPLACE PMTS,Merchandise,,10.99
2016-06-25,2016-06-27,2002,TXTAG 888 468 9824,Gas/Automotive,20,
2016-06-24,2016-06-27,7123,7-ELEVEN 36977,Gas/Automotive,16.44,
2016-06-24,2016-06-25,2002,AMAZON MKTPLACE PMTS,Merchandise,9.56,
2016-06-24,2016-06-24,2002,AMAZON MKTPLACE PMTS,Merchandise,23.74,
2016-06-24,2016-06-24,2002,AMAZON MKTPLACE PMTS,Merchandise,8.49,
2016-06-23,2016-06-24,2002,PROGRESSIVE *INSURANCE,Insurance,819,
2016-06-23,2016-06-24,2002,AMAZON MKTPLACE PMTS,Merchandise,8.1,
2016-06-23,2016-06-24,2002,AMAZON MKTPLACE PMTS,Merchandise,32.05,
2016-06-23,2016-06-23,2002,AMAZON MKTPLACE PMTS,Merchandise,8.1,
2016-06-23,2016-06-23,2002,AMAZON MKTPLACE PMTS,Merchandise,15.37,
2016-06-23,2016-06-23,2002,AMAZON MKTPLACE PMTS,Merchandise,5.23,
2016-06-23,2016-06-23,2002,DISCOUNT POWER,Utilities,111.33,
2016-06-22,2016-06-24,2002,CHICK-FIL-A #0952,Dining,13.41,
2016-06-22,2016-06-23,2002,AMAZON MKTPLACE PMTS,Merchandise,54.81,
2016-06-22,2016-06-22,2002,AMAZON MKTPLACE PMTS,Merchandise,18.58,
2016-06-21,2016-06-23,7123,7-ELEVEN 36977,Gas/Automotive,36.27,
2016-06-21,2016-06-22,2002,FSI*ATMOS ENERGY,Utilities,28.73,
2016-06-21,2016-06-21,2002,COSTCO.COM  *ONLINE,Merchandise,41.43,
2016-06-20,2016-06-21,2002,NETFLIX.COM,Phone/Cable,24.42,
2016-06-20,2016-06-21,2002,COSTCO.COM  *ONLINE,Merchandise,17.52,
2016-06-20,2016-06-21,2002,AT&T*BILL PAYMENT,Phone/Cable,69.72,
2016-06-19,2016-06-20,7123,DAIRY QUEEN #43712 QPS,Dining,7.42,
2016-06-18,2016-06-20,7123,LAMBS TIRE 13  BRU,Gas/Automotive,99.76,
2016-06-18,2016-06-20,7123,FAST EDDIES BILLIARDS,Dining,50.47,
2016-06-18,2016-06-20,2002,BRUSHY CREEK MUNICIPAL,Utilities,62.4,
2016-06-16,2016-06-17,2002,AMAZON MKTPLACE PMTS,Merchandise,51.61,
2016-06-15,2016-06-16,2002,HEB  #373,Merchandise,112.94,
2016-06-15,2016-06-16,2002,HEB GAS/CARWASH #373,Gas/Automotive,26.45,
2016-06-15,2016-06-15,2002,AMAZON MKTPLACE PMTS,Merchandise,,8.99
2016-06-14,2016-06-15,2002,ZULILY,Merchandise,1.94,
2016-06-14,2016-06-15,7123,SQ *THAI LADA,Dining,28.33,
2016-06-14,2016-06-15,2002,ZULILY,Merchandise,59.95,
2016-06-13,2016-06-15,7123,7-ELEVEN 36977,Gas/Automotive,36.09,
2016-06-12,2016-06-14,7123,MAGNOLIA CAFE,Dining,37.39,
2016-06-12,2016-06-13,2002,CAPITAL ONE ONLINE PYMT A,Payment/Credit,,2498.61
2016-06-11,2016-06-13,7123,THE HOME DEPOT 509,Merchandise,46.55,
2016-06-11,2016-06-13,2002,KOHL'S #0510,Merchandise,34.62,
2016-06-10,2016-06-11,2002,SHIPLEY PARMER AUSTIN,Dining,7.15,
2016-06-10,2016-06-11,2002,WM SUPERCENTER #4163,Merchandise,40.71,
2016-06-10,2016-06-11,2002,PAYPAL *PLANETSHOES,Merchandise,32.15,
2016-06-10,2016-06-10,7123,WWW.NEWEGG.COM,Merchandise,7.68,
2016-06-09,2016-06-10,2002,HEB  #373,Merchandise,183.13,
2016-06-09,2016-06-10,2002,PAYPAL *GI SALESL,Merchandise,37.33,
2016-06-09,2016-06-09,7123,WWW.NEWEGG.COM,Merchandise,699.96,
2016-06-09,2016-06-09,2002,CREDIT-TRAVEL REWARD,Lodging,,530.76
2016-06-08,2016-06-09,2002,PAPA JOHN'S 01128,Dining,,42.52
2016-06-08,2016-06-09,7123,HEB  #487,Merchandise,1.49,
2016-06-08,2016-06-09,7123,WWW.NEWEGG.COM,Merchandise,164.97,
2016-06-08,2016-06-09,2002,SONIC DRIVE IN#3313,Dining,7.89,
2016-06-08,2016-06-09,2002,AMAZON MKTPLACE PMTS,Merchandise,78.98,
2016-06-06,2016-06-06,2002,PAPA JOHN'S 01128.COM,Dining,42.52,
2016-06-05,2016-06-07,2002,7-ELEVEN 36977,Gas/Automotive,15.92,
2016-06-04,2016-06-06,2002,DONUT TACO PALACE OQPS,Dining,10.06,
2016-06-03,2016-06-06,7123,7-ELEVEN 36977,Gas/Automotive,45.69,
2016-06-03,2016-06-04,2002,AMAZON MKTPLACE PMTS,Merchandise,15.21,
2016-06-03,2016-06-04,2002,AMAZON MKTPLACE PMTS,Merchandise,8.99,
2016-06-02,2016-06-03,7123,EVENT DATA SOLUTIONS,Entertainment,44,
2016-06-02,2016-06-03,2002,HEB  #373,Merchandise,173.41,
2016-06-01,2016-06-02,2002,ATT*BILL PAYMENT,Phone/Cable,139.29,
2016-06-01,2016-06-02,2002,HEB  #373,Merchandise,19,
2016-06-01,2016-06-02,2002,COSTCO.COM  *ONLINE,Merchandise,73.29,
2016-05-31,2016-06-01,2002,HEB  #659,Merchandise,2.14,
2016-05-30,2016-05-31,7123,DAIRY QUEEN #43712 QPS,Dining,18.65,
2016-05-29,2016-05-30,2002,TARGET        00017970,Merchandise,2.87,
2016-05-29,2016-05-30,2002,TARGET        00017970,Merchandise,11.36,
2016-05-27,2016-05-28,2002,CENTRAL MARKET #61,Merchandise,128.56,
2016-05-27,2016-05-28,2002,CENTRAL MARKET #61,Merchandise,28.63,
2016-05-26,2016-05-27,2002,WILLIAMS-SONOMA 0978,Merchandise,64.84,
2016-05-26,2016-05-27,2002,SHIPLEY PARMER AUSTIN,Dining,7.15,
2016-05-24,2016-05-25,2002,HEB  #373,Merchandise,147.13,
2016-05-24,2016-05-24,2002,DISCOUNT POWER,Utilities,91.77,
2016-05-23,2016-05-25,7123,7-ELEVEN 36977,Gas/Automotive,28.15,
2016-05-21,2016-05-23,2002,DRURY PLAZA RIVERWALK,Lodging,530.76,
2016-05-21,2016-05-23,7123,MI TIERRA,Dining,14.69,
2016-05-21,2016-05-23,7123,CHICK-FIL-A #02389,Dining,21.25,
2016-05-21,2016-05-21,7123,TST* CASA RIO MEXICAN,Dining,59.83,
2016-05-20,2016-05-23,7123,SAN ANTONIO CRUISES TI,Entertainment,24,
2016-05-20,2016-05-23,7123,SAN ANTONIO ZOO,Entertainment,22.68,
2016-05-20,2016-05-23,7123,SAN ANTONIO ZOO,Entertainment,24.5,
2016-05-20,2016-05-21,2002,AT&T*BILL PAYMENT,Phone/Cable,69.54,
2016-05-20,2016-05-21,7123,JASON'S DELI #1 PAVILI,Dining,19.45,
2016-05-20,2016-05-21,2002,NETFLIX.COM,Phone/Cable,24.88,
2016-05-19,2016-05-21,7123,SHELL OIL 57545449704,Gas/Automotive,19.67,
2016-05-19,2016-05-20,2002,TARGET        00017970,Merchandise,20.31,
2016-05-19,2016-05-20,7123,THE COVE,Dining,10.25,
2016-05-19,2016-05-20,7123,THE COVE,Dining,35.31,
2016-05-19,2016-05-20,2002,BRUSHY CREEK MUNICIPAL,Utilities,62.4,
2016-05-18,2016-05-19,2002,MCDONALD'S F8018,Dining,10.46,
2016-05-18,2016-05-19,2002,KIDDIE ACRES,Entertainment,13.53,
2016-05-18,2016-05-19,2002,FSI*ATMOS ENERGY,Utilities,28,
2016-05-17,2016-05-18,7123,MELLOW MUSHROOM,Dining,50.31,
2016-05-17,2016-05-18,2002,KOHL'S #0510,Merchandise,44.38,
2016-05-17,2016-05-17,7123,SXM*SIRIUSXM.COM/ACCT,Phone/Cable,32.59,
2016-05-15,2016-05-16,2002,HAO HAO VIETNAMESE AND,Dining,36.32,
2016-05-15,2016-05-16,7123,LOWES #00590*,Merchandise,26.46,
2016-05-14,2016-05-16,2002,HEB  #373,Merchandise,43.68,
2016-05-13,2016-05-16,7123,SHELL OIL 57545449704,Gas/Automotive,27.84,
2016-05-13,2016-05-14,2002,AMAZON MKTPLACE PMTS,Merchandise,26.9,
2016-05-13,2016-05-14,2002,DAIRY QUEEN #43712 QPS,Dining,7.42,
2016-05-12,2016-05-14,2002,ACROTEX GYMNASTICS,Other,6.5,
2016-05-12,2016-05-13,2002,DONUT TACO PALACE OQPS,Dining,8.93,
2016-05-12,2016-05-13,2002,HEB  #373,Merchandise,134.96,
2016-05-12,2016-05-13,2002,AMAZON MKTPLACE PMTS,Merchandise,36.13,
2016-05-11,2016-05-12,2002,ZULILY,Merchandise,,11.99
2016-05-10,2016-05-11,2002,MCDONALD'S F33092,Dining,5.82,
2016-05-09,2016-05-10,2002,ALAMO LAKELINE RETAIL,Entertainment,20,
2016-05-08,2016-05-09,7123,CENTRAL MARKET #61,Merchandise,64.22,
2016-05-07,2016-05-09,2002,TOYSRUS-BABIESRUS,Merchandise,34.02,
2016-05-05,2016-05-07,7123,7-ELEVEN 36977,Gas/Automotive,20.56,
2016-05-04,2016-05-05,2002,WAL-MART #4163,Merchandise,45.57,
2016-05-03,2016-05-04,2002,HEB  #373,Merchandise,100.31,
2016-05-02,2016-05-04,2002,CHICK-FIL-A #0676,Dining,7.93,
2016-05-02,2016-05-03,2002,ATT*BILL PAYMENT,Phone/Cable,139.29,
2016-05-01,2016-05-02,2002,CAPITAL ONE ONLINE PYMT,Payment/Credit,,2086.04
2016-05-01,2016-05-02,7123,HEB GAS/CARWASH #373,Gas/Automotive,40.14,
2016-05-01,2016-05-02,2002,HEB  #373,Merchandise,108.48,
2016-04-30,2016-05-02,2002,MIGHTY FINE BURGER,Dining,43.71,
2016-04-30,2016-05-02,7123,ROOSTERS MENS GROOMING,Other Services,32,
2016-04-28,2016-04-29,2002,DONUT TACO PALACE OQPS,Dining,6.92,
2016-04-27,2016-04-28,2002,MONUMENT CAFE,Dining,21.51,
2016-04-26,2016-04-27,2002,CARTER'S #348,Merchandise,6.77,
2016-04-26,2016-04-27,2002,HEB #673,Merchandise,33.3,
2016-04-26,2016-04-26,2002,AMAZON MKTPLACE PMTS,Merchandise,19.07,
2016-04-23,2016-04-25,2002,ANDERSONS COFFEE C,Dining,19.95,
2016-04-23,2016-04-25,7123,DAIRY QUEEN #43712 QPS,Dining,7.42,
2016-04-23,2016-04-25,2002,AMAZON MKTPLACE PMTS,Merchandise,41.7,
2016-04-22,2016-04-25,2002,DISCOUNT POWER,Utilities,69.02,
2016-04-22,2016-04-23,7123,HEB  #373,Merchandise,24.4,
2016-04-22,2016-04-23,7123,HEB GAS/CARWASH #373,Gas/Automotive,29.39,
2016-04-22,2016-04-23,2002,AMAZON MKTPLACE PMTS,Merchandise,20.37,
2016-04-21,2016-04-22,2002,HEB  #373,Merchandise,1.58,
2016-04-21,2016-04-22,2002,HEB  #373,Merchandise,141.27,
2016-04-20,2016-04-21,2002,ETSY.COM,Merchandise,36.81,
2016-04-20,2016-04-21,7123,LOWES #00590*,Merchandise,7.55,
2016-04-20,2016-04-21,2002,BRUSHY CREEK MUNICIPAL,Utilities,62.4,
2016-04-20,2016-04-21,2002,AT&T*BILL PAYMENT,Phone/Cable,69.54,
2016-04-20,2016-04-21,2002,FSI*ATMOS ENERGY,Utilities,34.8,
2016-04-20,2016-04-20,2002,NETFLIX.COM,Other Services,24.42,
2016-04-18,2016-04-19,2002,CATCH AIR,Entertainment,7.58,
2016-04-17,2016-04-18,7123,LOWES #00590*,Merchandise,21.15,
2016-04-17,2016-04-18,7123,LOWES #00590*,Merchandise,,32.44
2016-04-16,2016-04-18,2002,HEB  #373,Merchandise,19.1,
2016-04-15,2016-04-18,7123,MUANGTHAI THAI CUISINE,Dining,36.69,
2016-04-15,2016-04-18,7123,SHELL OIL 57545449704,Gas/Automotive,24.33,
2016-04-15,2016-04-18,2002,KID TO KID - AUSTIN,Merchandise,,16.24
2016-04-15,2016-04-18,2002,ULTA #1089,Merchandise,24.9,
2016-04-15,2016-04-16,2002,ONCE UPON A CHLD#20729,Merchandise,10.83,
2016-04-15,2016-04-16,2002,TARGET        00017970,Merchandise,10.35,
2016-04-15,2016-04-16,2002,MICHAELS STORES 5038,Merchandise,3.78,
2016-04-15,2016-04-16,2002,MICHAELS STORES 5038,Merchandise,3.78,
2016-04-14,2016-04-16,2002,CHICK-FIL-A #00527,Dining,12.38,
2016-04-12,2016-04-13,2002,HEB  #373,Merchandise,119.58,
2016-04-11,2016-04-12,2002,COSTCO.COM  *ONLINE,Merchandise,41.43,
2016-04-11,2016-04-11,7123,INTUIT *TURBOTAX,Merchandise,70.35,
2016-04-10,2016-04-11,7123,ROUND ROCK GARDENS,Merchandise,42.15,
2016-04-10,2016-04-11,2002,AMAZON MKTPLACE PMTS,Merchandise,59.07,
2016-04-10,2016-04-11,2002,CAPITAL ONE ONLINE PYMT,Payment/Credit,,3165.43
2016-04-08,2016-04-11,2002,MOONIE`S BURGER HOUSE,Dining,,4.86
2016-04-08,2016-04-11,2002,KID TO KID - AUSTIN,Merchandise,43.28,
2016-04-08,2016-04-11,2002,MOONIE`S BURGER HOUSE,Dining,44.71,
2016-04-08,2016-04-09,2002,CATCH AIR,Entertainment,7.58,
2016-04-08,2016-04-09,7123,HEB GAS/CARWASH #373,Gas/Automotive,24.06,
2016-04-08,2016-04-09,7123,HEB  #373,Merchandise,23.22,
2016-04-07,2016-04-09,2002,ACROTEX GYMNASTICS,Other,6.5,
2016-04-07,2016-04-08,2002,HEB  #373,Merchandise,67.67,
2016-04-07,2016-04-08,2002,TXTAG 888 468 9824,Other Services,20,
2016-04-07,2016-04-08,7123,TEXAS FACILITIES COMMI,Other Services,16.24,
2016-04-06,2016-04-08,7123,PAD THAI CUISINE,Dining,11.65,
2016-04-06,2016-04-07,2002,HEB  #034,Merchandise,34.38,
2016-04-03,2016-04-05,2002,BED BATH & BEYOND #571,Merchandise,44.01,
2016-04-03,2016-04-04,2002,KOHL'S #0510,Merchandise,,155.88
2016-04-03,2016-04-04,2002,KOHL'S #0510,Merchandise,5.49,
2016-04-02,2016-04-04,2002,HEB  #373,Merchandise,95.34,
2016-04-02,2016-04-04,2002,ATT*BILL PAYMENT,Phone/Cable,14.06,
2016-04-01,2016-04-04,7123,SHELL OIL 57545449704,Gas/Automotive,23.21,
2016-04-01,2016-04-02,7123,AUTOZONE #3539,Gas/Automotive,7.96,
2016-04-01,2016-04-02,7123,BRUSHY CREEK MUNICIPAL,Utilities,30,
2016-04-01,2016-04-02,2002,ZULILY,Merchandise,13.98,
2016-03-31,2016-04-02,2002,ORANGE LEAF FROZEN YOG,Dining,8.39,
2016-03-31,2016-04-01,2002,DONUT TACO PALACE OQPS,Dining,11.29,
2016-03-31,2016-04-01,2002,ZULILY,Merchandise,18.78,
2016-03-31,2016-04-01,2002,ZULILY,Merchandise,12.74,
2016-03-30,2016-04-01,2002,CHICK-FIL-A #0676,Dining,14.06,
2016-03-29,2016-03-31,2002,HEB  #373,Merchandise,,4.26
2016-03-29,2016-03-31,7123,7-ELEVEN 36977,Gas/Automotive,10.39,
2016-03-29,2016-03-30,2002,GROUPON INC,Other Services,,4.23
2016-03-29,2016-03-30,2002,HEB  #373,Merchandise,168.1,
2016-03-28,2016-03-30,7123,SHELL OIL 575420853QPS,Gas/Automotive,24.14,
2016-03-26,2016-03-29,2002,WWW.KOHLS.COM #0873,Merchandise,259.8,
2016-03-26,2016-03-28,7123,BARLATA,Dining,109.85,
2016-03-24,2016-03-26,7123,SHELL OIL 57545449704,Gas/Automotive,35,
2016-03-23,2016-03-25,2002,DISCOUNT POWER,Utilities,61.27,
2016-03-23,2016-03-24,2002,TOYSRUS-BABIESRUS,Other,59.48,
2016-03-22,2016-03-24,2002,BED BATH & BEYOND #305,Merchandise,16.23,
2016-03-22,2016-03-23,2002,HEB  #373,Merchandise,225.67,
2016-03-20,2016-03-21,2002,LAKESHORE LEARNING #55,Other,21.64,
2016-03-20,2016-03-21,2002,AT&T*BILL PAYMENT,Phone/Cable,69.56,
2016-03-20,2016-03-21,2002,TXTAG 888 468 9824,Other Services,20,
2016-03-20,2016-03-21,2002,NETFLIX.COM,Other Services,24.42,
2016-03-19,2016-03-21,2002,HEB  #373,Merchandise,43.86,
2016-03-19,2016-03-21,2002,LAKESHORE LEARNING #55,Other,10.81,
2016-03-19,2016-03-21,2002,FSI*ATMOS ENERGY,Utilities,38.28,
2016-03-18,2016-03-19,2002,HEB GAS/CARWASH #373,Gas/Automotive,21.14,
2016-03-18,2016-03-19,2002,BRUSHY CREEK MUNICIPAL,Utilities,78.68,
2016-03-17,2016-03-19,2002,HOBBY-LOBBY #0052,Merchandise,13.73,
2016-03-17,2016-03-19,2002,UNCLE BUCKS FISHBOWL,Dining,21.17,
2016-03-17,2016-03-19,2002,IHOP 1477     00014779,Dining,20.11,
2016-03-16,2016-03-17,7123,LOWES #00590*,Merchandise,41.59,
2016-03-15,2016-03-17,7123,7-ELEVEN 36977,Gas/Automotive,32.83,
2016-03-15,2016-03-16,2002,HEB  #373,Merchandise,44.12,
2016-03-15,2016-03-16,2002,MOOYAH #201,Dining,16.42,
2016-03-14,2016-03-16,2002,GYMBOREE  502650050269,Merchandise,30.27,
2016-03-14,2016-03-15,2002,IKEA ROUND ROCK,Merchandise,103.6,
2016-03-14,2016-03-15,2002,CARTER'S #348,Merchandise,57.25,
2016-03-10,2016-03-12,2002,JUST TRAIN FUN 1,Entertainment,10.35,
2016-03-10,2016-03-11,2002,JCPENNEY 2696,Merchandise,,34.6
2016-03-10,2016-03-10,7123,AMAZON MKTPLACE PMTS,Merchandise,67.93,
2016-03-09,2016-03-10,2002,HEB  #373,Merchandise,181.22,
2016-03-09,2016-03-10,2002,SQ *GOOD GUYS TREE,Professional Services,866,
2016-03-08,2016-03-10,7123,MESA ROSA I 620,Dining,36.91,
2016-03-08,2016-03-09,2002,TOYSRUS-BABIESRUS,Merchandise,27.07,
2016-03-08,2016-03-09,2002,GROUPON INC,Other Services,4.23,
2016-03-08,2016-03-08,2002,STARCOFFEE,Dining,14.74,
2016-03-07,2016-03-08,7123,HEB GAS/CARWASH #373,Gas/Automotive,24.76,
2016-03-07,2016-03-08,2002,PAYPAL *NANDYPAQUET,Merchandise,7.5,
2016-03-06,2016-03-07,2002,TOYS R US #7047    QPS,Merchandise,,25.48
2016-03-06,2016-03-07,2002,CAPITAL ONE ONLINE PYMT,Payment/Credit,,4019.76
2016-03-04,2016-03-05,2002,TOYSRUS-BABIESRUS,Merchandise,44.05,
2016-03-04,2016-03-05,7123,HEB  #373,Merchandise,18.02,
2016-03-04,2016-03-05,2002,DONUT TACO PALACE OQPS,Dining,8.22,
2016-03-04,2016-03-05,2002,"JANE, LLC",Merchandise,16.99,
2016-03-03,2016-03-04,2002,ATT*BILL PAYMENT,Phone/Cable,127.91,
2016-03-03,2016-03-04,2002,HEB  #096,Merchandise,134.15,
2016-03-01,2016-03-03,2002,ALAMO LAKELINE REST,Dining,14.91,
2016-03-01,2016-03-02,2002,SONIC DRIVE IN#3313,Dining,11.78,
2016-03-01,2016-03-02,2002,ALAMO LAKELINE RETAIL,Entertainment,10.5,
2016-02-29,2016-03-01,7123,HEB GAS/CARWASH #373,Gas/Automotive,28.26,
2016-02-26,2016-02-29,7123,SHELL OIL 57545448805,Gas/Automotive,17.74,
2016-02-26,2016-02-27,2002,HEB  #373,Merchandise,110.95,
2016-02-26,2016-02-27,7123,ROOSTERS MENS GROOMING,Other Services,44.84,
2016-02-25,2016-02-26,2002,AMAZON MKTPLACE PMTS,Merchandise,42.18,
2016-02-25,2016-02-26,2002,AT HOME #97,Merchandise,,5.4
2016-02-25,2016-02-26,2002,Amazon.com,Merchandise,200.27,
2016-02-24,2016-02-26,2002,DISCOUNT POWER,Utilities,57.66,
2016-02-24,2016-02-26,2002,ROSS STORES #1305,Merchandise,6.48,
2016-02-24,2016-02-26,2002,HOBBY LOBBY #402,Merchandise,15.58,
2016-02-24,2016-02-25,2002,JCPENNEY.COM,Merchandise,65.71,
2016-02-24,2016-02-25,2002,AMAZON MKTPLACE PMTS,Merchandise,98.29,
2016-02-22,2016-02-23,2002,DONUT TACO PALACE OQPS,Dining,6.75,
2016-02-21,2016-02-23,2002,KID TO KID - AUSTIN,Merchandise,19.04,
2016-02-21,2016-02-22,2002,OLD NAVY US 5898,Merchandise,30.31,
2016-02-21,2016-02-22,2002,CARTER'S #330,Merchandise,32.45,
2016-02-21,2016-02-22,2002,TARGET        00017970,Merchandise,36.61,
2016-02-20,2016-02-22,2002,AT&T*BILL PAYMENT,Phone/Cable,69.56,
2016-02-20,2016-02-22,2002,HEB  #373,Merchandise,15.35,
2016-02-20,2016-02-22,2002,HEB  #373,Merchandise,78.93,
2016-02-20,2016-02-22,2002,TACO BELL #030073,Dining,3.44,
2016-02-20,2016-02-22,2002,NETFLIX.COM,Other Services,24.42,
2016-02-20,2016-02-20,2002,"HOP N HAPPY, INC.",Entertainment,8.39,
2016-02-19,2016-02-22,7123,SHELL OIL 57545449001,Gas/Automotive,27.4,
2016-02-19,2016-02-20,2002,TXTAG 888 468 9824,Other Services,20,
2016-02-19,2016-02-20,7123,CHUY'S,Dining,27.38,
2016-02-18,2016-02-20,2002,SPROUTS FARMERS MARK,Merchandise,67.63,
2016-02-18,2016-02-19,2002,BRUSHY CREEK MUNICIPAL,Utilities,78.68,
2016-02-17,2016-02-18,2002,FSI*ATMOS ENERGY,Utilities,64.35,
2016-02-17,2016-02-18,7123,LOWES #00590*,Merchandise,16.82,
2016-02-16,2016-03-03,2002,CATCH AIR,Entertainment,7.58,
2016-02-14,2016-02-15,2002,HEB  #373,Merchandise,30.09,
2016-02-14,2016-02-15,7123,HEB  #373,Merchandise,1.98,
2016-02-12,2016-02-15,7123,PAD THAI CUISINE,Dining,13.36,
2016-02-12,2016-02-13,7123,MESA ROSA 620,Dining,42.57,
2016-02-12,2016-02-13,2002,HEB  #373,Merchandise,23.63,
2016-02-11,2016-02-12,7123,HEB GAS/CARWASH #373,Gas/Automotive,32.77,
2016-02-11,2016-02-12,2002,HEB  #373,Merchandise,11.66,
2016-02-09,2016-02-10,2002,HEB  #373,Merchandise,143.02,
2016-02-08,2016-02-09,7123,HEB GAS/CARWASH #373,Gas/Automotive,14.49,
2016-02-08,2016-02-09,7123,HEB  #373,Merchandise,14.84,
2016-02-07,2016-02-08,2002,MIGHTY FINE BURGER,Dining,10.47,
2016-02-07,2016-02-08,7123,HEB  #373,Merchandise,17.38,
2016-02-06,2016-02-08,7123,LOWES #00590*,Merchandise,142.89,
2016-02-06,2016-02-08,2002,LOWES #00590*,Merchandise,,6.66
2016-02-05,2016-02-08,7123,ALLSUPS #253,Gas/Automotive,25.28,
2016-02-05,2016-02-06,7123,DAIRY QUEEN #43712 QPS,Dining,7.56,
2016-02-04,2016-02-06,2002,MCDONALD'S F6565,Dining,8.75,
2016-02-04,2016-02-05,7123,STONE'S ACE HOME CENTE,Merchandise,155.04,
2016-02-04,2016-02-05,7123,GRADYS WESTERN SUPPLY,Merchandise,83.34,
2016-02-04,2016-02-05,2002,LOWES #00778*,Merchandise,100.45,
2016-02-03,2016-02-05,7123,LOWES SUPER S #154,Merchandise,7,
2016-02-03,2016-02-04,2002,AT HOME #97,Merchandise,61.63,
2016-02-03,2016-02-04,7123,EXXONMOBIL    47704184,Gas/Automotive,13.18,
2016-02-03,2016-02-04,7123,HEB GAS/CARWASH #373,Gas/Automotive,26.47,
2016-02-03,2016-02-04,7123,HEB  #373,Merchandise,38.01,
2016-02-03,2016-02-04,2002,PIEOLOGY PIZZERIA,Dining,8.61,
2016-02-02,2016-02-04,2002,ORANGE LEAF FROZEN YOG,Dining,7.55,
2016-02-02,2016-02-03,2002,HEB  #373,Merchandise,104.32,
2016-02-01,2016-02-02,2002,ATT*BILL PAYMENT,Phone/Cable,126.8,
2016-02-01,2016-02-02,2002,AMAZON MKTPLACE PMTS,Merchandise,,10.99
2016-02-01,2016-02-01,2002,CAPITAL ONE ONLINE PYMT,Payment/Credit,,5472.93
2016-01-31,2016-02-01,2002,HEB GAS/CARWASH #373,Gas/Automotive,20.87,
2016-01-30,2016-02-01,2002,SPROUTS FARMERS MARK,Merchandise,43.65,
2016-01-30,2016-02-01,2002,OFFICE DEPOT #3279,Merchandise,20.56,
2016-01-29,2016-01-30,2002,LOWES #00590*,Merchandise,1433.23,
2016-01-29,2016-01-30,2002,DONUT TACO PALACE OQPS,Dining,5.95,
2016-01-29,2016-01-30,2002,TARGET        00017970,Merchandise,26.54,
2016-01-28,2016-01-30,2002,FOSSIL #466,Merchandise,21.65,
2016-01-28,2016-01-29,2002,STARBUCKS #11075 ROUND,Dining,3.19,
2016-01-28,2016-01-29,7123,PROGRESSIVE *INSURANCE,Insurance,45.61,
2016-01-27,2016-01-29,2002,USAA P&C PREMIUM,Insurance,208,
2016-01-27,2016-01-29,2002,CHICK-FIL-A #02322,Dining,12.06,
2016-01-26,2016-01-27,2002,IKEA ROUND ROCK,Merchandise,21.07,
2016-01-26,2016-01-27,2002,THE UPS STORE #5032,Other Services,14,
2016-01-25,2016-01-27,2002,DISCOUNT POWER,Utilities,67.56,
2016-01-25,2016-01-26,7123,RICE BOWL CAFE,Dining,28.82,
2016-01-24,2016-01-25,2002,HEB  #373,Merchandise,151.5,
2016-01-24,2016-01-25,7123,DAIRY QUEEN #43712 QPS,Dining,7.12,
2016-01-24,2016-01-25,2002,LOWES #00590*,Merchandise,194.75,
2016-01-22,2016-01-25,7123,7-ELEVEN 26815,Gas/Automotive,15.94,
2016-01-22,2016-01-25,2002,KERBEY LANE CAFE-RR,Dining,19.96,
2016-01-22,2016-01-25,2002,SHELL OIL 57545849804,Gas/Automotive,17.18,
2016-01-22,2016-01-25,2002,ROUND ROCK COL14902431,Gas/Automotive,1764.9,
2016-01-22,2016-01-23,7123,MELLOW MUSHROOM,Dining,42.75,
2016-01-21,2016-01-22,2002,HEB  #373,Merchandise,9.92,
2016-01-21,2016-01-22,2002,BRUSHY CREEK MUNICIPAL,Utilities,78.68,
2016-01-20,2016-01-21,2002,NETFLIX.COM,Other Services,24.42,
2016-01-20,2016-01-21,2002,AT&T*BILL PAYMENT,Phone/Cable,69.56,
2016-01-19,2016-01-20,2002,THE ROTTEN BUNCH,Dining,19.08,
2016-01-19,2016-01-20,7123,TX CAPITOLPARKINGMETER,Other Services,1,
2016-01-19,2016-01-20,2002,POK-E-JOS GREAT HILLS,Dining,14.91,
2016-01-18,2016-01-19,2002,TARGET        00017970,Merchandise,7.47,
2016-01-18,2016-01-19,2002,HOMEGOODS # 0676,Merchandise,8.65,
2016-01-18,2016-01-19,2002,FSI*ATMOS ENERGY,Utilities,138.18,
2016-01-18,2016-01-19,2002,SHIPLEY PARMER AUSTIN,Dining,5.25,
2016-01-18,2016-01-19,2002,TARGET        00017970,Merchandise,40.29,
2016-01-17,2016-01-18,2002,HEB  #373,Merchandise,69.88,
2016-01-17,2016-01-18,2002,HEB  #373,Merchandise,4.55,
2016-01-16,2016-01-18,7123,MAIN EVENT AUSTIN,Dining,18.32,
2016-01-16,2016-01-18,7123,SQ *AMY'S ICE CREAMS,Dining,12,
2016-01-16,2016-01-18,7123,HIGHLAND LANES,Entertainment,24.9,
2016-01-15,2016-01-16,2002,AMAZON MKTPLACE PMTS,Merchandise,229.99,
2016-01-15,2016-01-15,2002,CAPITAL ONE ONLINE PYMT,Payment/Credit,,3047.86
2016-01-14,2016-01-16,2002,HOBBY-LOBBY #0169,Merchandise,12.69,
2016-01-14,2016-01-15,2002,HANCOCK FABRICS 1596,Merchandise,12.21,
2016-01-14,2016-01-15,2002,JASON'S DELI LKL #,Dining,13.29,
2016-01-14,2016-01-15,2002,MICHAELS STORES 5038,Merchandise,43.83,
2016-01-14,2016-01-15,2002,AMAZON MKTPLACE PMTS,Merchandise,91.5,
2016-01-14,2016-01-15,7123,LOWES #00590*,Merchandise,168.99,
2016-01-13,2016-01-14,2002,HEB  #373,Merchandise,108.45,
2016-01-13,2016-01-14,2002,DAIRY QUEEN #43712 QPS,Dining,7.12,
2016-01-12,2016-01-13,2002,MCDONALD'S F33092,Dining,9.71,
2016-01-11,2016-01-11,2002,AMAZON MKTPLACE PMTS,Merchandise,31.86,
2016-01-10,2016-01-12,2002,BED BATH & BEYOND #84,Merchandise,18.38,
2016-01-10,2016-01-12,2002,ULTA #75,Merchandise,41.14,
2016-01-10,2016-01-12,2002,OFFICE DEPOT #403,Merchandise,37.88,
2016-01-10,2016-01-11,2002,DOT & BO INC.,Merchandise,19.95,
2016-01-09,2016-01-09,2002,"JANE, LLC",Merchandise,10.98,
2016-01-08,2016-01-09,2002,HEB GAS/CARWASH #373,Gas/Automotive,21.88,
2016-01-08,2016-01-09,2002,HEB  #373,Merchandise,47.57,
2016-01-04,2016-01-05,2002,HEB  #373,Merchandise,74.63,
2016-01-03,2016-01-04,2002,SQ *PATRICK FERDINAND,Dining,34.64,
2016-01-01,2016-01-02,2215,HEB  #373,Merchandise,76.39,
2016-01-01,2016-01-02,2002,ATT*BILL PAYMENT,Phone/Cable,126.69,
2016-01-01,2016-01-02,2215,DONUT TACO PALACE OQPS,Dining,12.39,
